product_name,product_card_id,quantity
Perfect Fitness Perfect Rip Deck,365,73698
Nike Men's Dri-FIT Victory Golf Polo,502,62956
O'Brien Men's Neoprene Life Vest,1014,57803
Nike Men's Free 5.0+ Running Shoe,191,36680
Under Armour Girls' Toddler Spine Surge Runni,627,31735
Nike Men's CJ Elite 2 TD Football Cleat,403,22246
Field & Stream Sportsman 16 Gun Fire Safe,1004,17325
Pelican Sunstream 100 Kayak,1073,15500
Diamondback Women's Serene Classic Comfort Bi,957,13729
ENO Atlas Hammock Straps,977,998
Nike Men's Comfort 2 Slide,116,991
adidas Youth Germany Black/Red Away Match Soc,565,969
Team Golf St. Louis Cardinals Putter Grip,885,958
LIJA Women's Eyelet Sleeveless Golf Polo,728,946
Glove It Women's Imperial Golf Glove,804,941
adidas Men's F10 Messi TRX FG Soccer Cleat,44,939
Glove It Imperial Golf Towel,926,930
Glove It Women's Mod Oval 3-Zip Carry All Gol,917,930
Bridgestone e6 Straight Distance NFL Carolina,835,928
Columbia Men's PFG Anchor Tough T-Shirt,642,928
Under Armour Women's Ignite Slide,276,919
Team Golf Tennessee Volunteers Putter Grip,906,915
Titleist Pro V1x High Numbers Personalized Go,823,908
Nike Women's Tempo Shorts,172,907
Nike Men's Deutschland Weltmeister Winners Bl,564,907
Bridgestone e6 Straight Distance NFL San Dieg,828,906
Team Golf Texas Longhorns Putter Grip,905,895
Hirzl Women's Soffft Flex Golf Glove,797,889
Hirzl Women's Hybrid Golf Glove,793,888
Clicgear 8.0 Shoe Brush,775,888
Team Golf Pittsburgh Steelers Putter Grip,893,887
Top Flite Women's 2014 XL Hybrid,703,887
Glove It Urban Brick Golf Towel,924,885
Nike Dri-FIT Crew Sock 6 Pack,135,883
TYR Boys' Team Digi Jammer,572,880
Team Golf San Francisco Giants Putter Grip,886,871
Clicgear Rovic Cooler Bag,771,867
Hirzl Men's Hybrid Golf Glove,792,864
Titleist Pro V1x Golf Balls,818,863
adidas Men's Germany Black Crest Away Tee,567,859
Titleist Pro V1 High Numbers Personalized Gol,821,851
Under Armour Women's Ignite PIP VI Slide,282,848
Under Armour Women's Micro G Skulpt Running S,249,847
Under Armour Hustle Storm Medium Duffle Bag,235,846
Bag Boy Beverage Holder,778,845
Fighting video games,1362,838
Under Armour Men's Tech II T-Shirt,93,835
Team Golf New England Patriots Putter Grip,897,823
Under Armour Men's Compression EV SL Slide,278,813
Bridgestone e6 Straight Distance NFL Tennesse,825,805
Glove It Women's Mod Oval Golf Glove,810,802
Nike Women's Legend V-Neck T-Shirt,134,801
Titleist Pro V1x High Numbers Golf Balls,822,800
Under Armour Kids' Mercenary Slide,273,795
adidas Kids' F5 Messi FG Soccer Cleat,37,781
Children's heaters,1350,652
Summer dresses,1363,650
Web Camera,1349,592
Toys ,1361,529
Adult dog supplies,1359,492
Lawn mower,1355,484
Porcelain crafts,1353,484
DVDs ,1354,483
Dell Laptop,1351,442
Rock music,1358,434
Industrial consumer electronics,1352,431
Sports Books ,1346,405
First aid kit,1356,362
Smart watch ,1360,357
CDs of rock,1348,271
Elevation Training Mask 2.0,24,231
LIJA Women's Mid-Length Panel Golf Shorts,724,227
Brooks Women's Ghost 6 Running Shoe,251,212
Men's gala suit,1357,208
Bag Boy M330 Push Cart,777,208
Baby sweater,1347,207
Merrell Women's Grassbow Sport Hiking Shoe,646,207
Nike Women's Free 5.0 TR FIT PRT 4 Training S,258,206
Nike Men's Free TR 5.0 TB Training Shoe,359,206
Polar FT4 Heart Rate Monitor,306,196
LIJA Women's Argyle Golf Polo,730,195
TaylorMade White Smoke IN-12 Putter,677,193
Fitbit The One Wireless Activity & Sleep Trac,295,187
Nike Kids' Grade School KD VI Basketball Shoe,78,186
The North Face Women's Recon Backpack,981,181
MDGolf Pittsburgh Penguins Putter,691,145
Merrell Men's All Out Flash Trail Running Sho,666,85
Garmin Approach S3 Golf GPS Watch,607,77
LIJA Women's Button Golf Dress,725,76
Merrell Women's Siren Mid Waterproof Hiking B,647,70
Cleveland Golf Women's 588 RTX CB Satin Chrom,705,70
TaylorMade Women's RBZ SL Rescue,715,68
Mio ALPHA Heart Rate Monitor/Sport Watch,305,67
adidas Brazuca 2014 Official Match Ball,35,65
TaylorMade 2014 Purelite Stand Bag,786,65
Cleveland Golf Collegiate My Custom Wedge 588,671,65
Yakima DoubleDown Ace Hitch Mount 4-Bike Rack,216,64
Nike Men's Fingertrap Max Training Shoe,19,64
Nike Men's Kobe IX Elite Low Basketball Shoe,625,63
Ogio Race Golf Shoes,743,61
insta-bed Neverflat Air Mattress,982,60
GolfBuddy VT3 GPS Watch,858,59
Merrell Women's Grassbow Sport Waterproof Hik,652,58
Polar Loop Activity Tracker,311,54
Titleist Small Wheeled Travel Cover,773,54
Pelican Maverick 100X Kayak,1059,40
Total Gym 1400,364,36
Garmin Approach S4 Golf GPS Watch,845,36
Garmin Forerunner 910XT GPS Watch,303,35
Titleist Club Glove Travel Cover,768,34
GoPro HERO3+ Black Edition Camera,203,32
Diamondback Boys' Insight 24 Performance Hybr,58,29
Diamondback Girls' Clarity 24 Hybrid Bike 201,61,28
Stiga Master Series ST3100 Competition Indoor,127,27
SOLE E35 Elliptical,208,15
Bushnell Pro X7 Jolt Slope Rangefinder,860,11
SOLE E25 Elliptical,60,10
Bowflex SelectTech 1090 Dumbbells,226,10
