product_name,product_card_id
Nike Men's Fingertrap Max Training Shoe,19
Elevation Training Mask 2.0,24
adidas Brazuca 2014 Official Match Ball,35
adidas Kids' F5 Messi FG Soccer Cleat,37
adidas Men's F10 Messi TRX FG Soccer Cleat,44
Diamondback Boys' Insight 24 Performance Hybr,58
SOLE E25 Elliptical,60
Diamondback Girls' Clarity 24 Hybrid Bike 201,61
Nike Kids' Grade School KD VI Basketball Shoe,78
Under Armour Men's Tech II T-Shirt,93
Nike Men's Comfort 2 Slide,116
Stiga Master Series ST3100 Competition Indoor,127
Nike Women's Legend V-Neck T-Shirt,134
Nike Dri-FIT Crew Sock 6 Pack,135
Nike Women's Tempo Shorts,172
Nike Men's Free 5.0+ Running Shoe,191
GoPro HERO3+ Black Edition Camera,203
SOLE E35 Elliptical,208
Yakima DoubleDown Ace Hitch Mount 4-Bike Rack,216
Bowflex SelectTech 1090 Dumbbells,226
Under Armour Hustle Storm Medium Duffle Bag,235
Under Armour Women's Micro G Skulpt Running S,249
Brooks Women's Ghost 6 Running Shoe,251
Nike Women's Free 5.0 TR FIT PRT 4 Training S,258
Under Armour Kids' Mercenary Slide,273
Under Armour Women's Ignite Slide,276
Under Armour Men's Compression EV SL Slide,278
Under Armour Women's Ignite PIP VI Slide,282
Fitbit The One Wireless Activity & Sleep Trac,295
Garmin Forerunner 910XT GPS Watch,303
Mio ALPHA Heart Rate Monitor/Sport Watch,305
Polar FT4 Heart Rate Monitor,306
Polar Loop Activity Tracker,311
Nike Men's Free TR 5.0 TB Training Shoe,359
Total Gym 1400,364
Perfect Fitness Perfect Rip Deck,365
Nike Men's CJ Elite 2 TD Football Cleat,403
Nike Men's Dri-FIT Victory Golf Polo,502
Nike Men's Deutschland Weltmeister Winners Bl,564
adidas Youth Germany Black/Red Away Match Soc,565
adidas Men's Germany Black Crest Away Tee,567
TYR Boys' Team Digi Jammer,572
Garmin Approach S3 Golf GPS Watch,607
Nike Men's Kobe IX Elite Low Basketball Shoe,625
Under Armour Girls' Toddler Spine Surge Runni,627
Columbia Men's PFG Anchor Tough T-Shirt,642
Merrell Women's Grassbow Sport Hiking Shoe,646
Merrell Women's Siren Mid Waterproof Hiking B,647
Merrell Women's Grassbow Sport Waterproof Hik,652
Merrell Men's All Out Flash Trail Running Sho,666
Cleveland Golf Collegiate My Custom Wedge 588,671
TaylorMade White Smoke IN-12 Putter,677
MDGolf Pittsburgh Penguins Putter,691
Top Flite Women's 2014 XL Hybrid,703
Cleveland Golf Women's 588 RTX CB Satin Chrom,705
TaylorMade Women's RBZ SL Rescue,715
LIJA Women's Mid-Length Panel Golf Shorts,724
LIJA Women's Button Golf Dress,725
LIJA Women's Eyelet Sleeveless Golf Polo,728
LIJA Women's Argyle Golf Polo,730
Ogio Race Golf Shoes,743
Titleist Club Glove Travel Cover,768
Clicgear Rovic Cooler Bag,771
Titleist Small Wheeled Travel Cover,773
Clicgear 8.0 Shoe Brush,775
Bag Boy M330 Push Cart,777
Bag Boy Beverage Holder,778
TaylorMade 2014 Purelite Stand Bag,786
Hirzl Men's Hybrid Golf Glove,792
Hirzl Women's Hybrid Golf Glove,793
Hirzl Women's Soffft Flex Golf Glove,797
Glove It Women's Imperial Golf Glove,804
Glove It Women's Mod Oval Golf Glove,810
Titleist Pro V1x Golf Balls,818
Titleist Pro V1 High Numbers Personalized Gol,821
Titleist Pro V1x High Numbers Golf Balls,822
Titleist Pro V1x High Numbers Personalized Go,823
Bridgestone e6 Straight Distance NFL Tennesse,825
Bridgestone e6 Straight Distance NFL San Dieg,828
Bridgestone e6 Straight Distance NFL Carolina,835
Garmin Approach S4 Golf GPS Watch,845
GolfBuddy VT3 GPS Watch,858
Bushnell Pro X7 Jolt Slope Rangefinder,860
Team Golf St. Louis Cardinals Putter Grip,885
Team Golf San Francisco Giants Putter Grip,886
Team Golf Pittsburgh Steelers Putter Grip,893
Team Golf New England Patriots Putter Grip,897
Team Golf Texas Longhorns Putter Grip,905
Team Golf Tennessee Volunteers Putter Grip,906
Glove It Women's Mod Oval 3-Zip Carry All Gol,917
Glove It Urban Brick Golf Towel,924
Glove It Imperial Golf Towel,926
Diamondback Women's Serene Classic Comfort Bi,957
ENO Atlas Hammock Straps,977
The North Face Women's Recon Backpack,981
insta-bed Neverflat Air Mattress,982
Field & Stream Sportsman 16 Gun Fire Safe,1004
O'Brien Men's Neoprene Life Vest,1014
Pelican Maverick 100X Kayak,1059
Pelican Sunstream 100 Kayak,1073
Sports Books ,1346
Baby sweater,1347
CDs of rock,1348
Web Camera,1349
Children's heaters,1350
Dell Laptop,1351
Industrial consumer electronics,1352
Porcelain crafts,1353
DVDs ,1354
Lawn mower,1355
First aid kit,1356
Men's gala suit,1357
Rock music,1358
Adult dog supplies,1359
Smart watch ,1360
Toys ,1361
Fighting video games,1362
Summer dresses,1363
